Bonjour	Hello / Good morning	salutations
Bonsoir	Good evening	salutations
Salut	Hi / Bye (informal)	salutations
Merci	Thank you	salutations
Merci beaucoup	Thank you very much	salutations
S'il vous plaît	Please	salutations
De rien	You're welcome	salutations
Je vous en prie	You're welcome (formal)	salutations
Excusez-moi	Excuse me	salutations
Pardon	Sorry / Pardon	salutations
Au revoir	Goodbye	salutations
À bientôt	See you soon	salutations
À demain	See you tomorrow	salutations
Bonne journée	Have a good day	salutations
Bonne nuit	Good night	salutations
Enchanté	Nice to meet you	salutations
Comment allez-vous ?	How are you?	salutations
Ça va ?	How's it going?	salutations
Oui	Yes	salutations
Non	No	salutations
Où est… ?	Where is…?	questions
Où sont les toilettes ?	Where is the bathroom?	questions
Combien ça coûte ?	How much does it cost?	questions
Qu'est-ce que c'est ?	What is it?	questions
Qu'est-ce que vous faites ?	What are you doing?	questions
Comment ça s'appelle ?	What is it called?	questions
Comment vous appelez-vous ?	What's your name?	questions
Quelle heure est-il ?	What time is it?	questions
Quand ?	When?	questions
Pourquoi ?	Why?	questions
Qui est-ce ?	Who is it?	questions
C'est combien ?	How much is it?	questions
Pouvez-vous m'aider ?	Can you help me?	questions
Est-ce que vous avez… ?	Do you have…?	questions
Y a-t-il… ?	Is there…?	questions
Je voudrais…	I would like…	quotidien
Je veux…	I want…	quotidien
J'ai besoin de…	I need…	quotidien
Je ne comprends pas	I don't understand	quotidien
Je ne sais pas	I don't know	quotidien
Parlez-vous anglais ?	Do you speak English?	quotidien
Je ne parle pas français	I don't speak French	quotidien
Pouvez-vous répéter ?	Can you repeat?	quotidien
Parlez plus lentement, s'il vous plaît	Speak more slowly, please	quotidien
L'addition, s'il vous plaît	The check, please	quotidien
Je cherche…	I'm looking for…	quotidien
J'ai faim	I'm hungry	quotidien
J'ai soif	I'm thirsty	quotidien
Je suis fatigué	I'm tired	quotidien
Je suis perdu	I'm lost	quotidien
Attendez, s'il vous plaît	Wait, please	quotidien
Un instant	One moment	quotidien
J'aime…	I like…	opinions
Je n'aime pas…	I don't like…	opinions
J'adore ça	I love it	opinions
Je pense que…	I think that…	opinions
Je crois que…	I believe that…	opinions
Je suis d'accord	I agree	opinions
Je ne suis pas d'accord	I disagree	opinions
Je suis désolé	I'm sorry	opinions
C'est bon	It's good	opinions
C'est très bien	That's very good	opinions
Parce que	Because	connecteurs
En fait	In fact / Actually	connecteurs
C'est-à-dire	That is to say	connecteurs
Par contre	On the other hand	connecteurs
Donc	So / Therefore	connecteurs
Ça marche	That works / OK	expressions
Bien sûr	Of course	expressions
Pas de problème	No problem	expressions
Je vous remercie	Thank you	salutations
Je vous remercie infiniment	Thank you so much	salutations
Je vous remercie de tout cœur	Thank you from the bottom of my heart	salutations
Mille mercis	A thousand thanks	salutations
Un grand merci	A big thank you	salutations
C'est très gentil à vous	That's very kind of you	salutations
C'est gentil de votre part	That's kind of you	salutations
Vous êtes trop aimable	You're too kind	salutations
Je ne sais comment vous remercier	I don't know how to thank you	salutations
Merci pour tout	Thanks for everything	salutations
Merci d'avance	Thanks in advance	salutations
Merci infiniment pour votre aide	Thank you so much for your help	salutations
C'est moi qui vous remercie	No, thank you	salutations
Il n'y a pas de quoi	You're welcome	salutations
Pas de quoi	No problem	salutations
Avec plaisir	With pleasure	salutations
C'est tout naturel	It's the least I could do	salutations
C'est normal	It's nothing	salutations
Ce n'est rien	It's nothing	salutations
Je vous en prie, c'est tout naturel	You're welcome, it's only natural	salutations
Tout le plaisir est pour moi	The pleasure is all mine	salutations
À votre service	At your service	salutations
Quand vous voulez	Anytime	salutations
N'importe quand	Anytime	salutations
Ne vous inquiétez pas	Don't worry	salutations
Ne vous en faites pas	Don't worry about it	salutations
Pas de souci	No worries	salutations
Aucun souci	No problem at all	salutations
Ce n'est pas grave	It's not a big deal	salutations
Il n'y a pas de mal	No harm done	salutations
Ne vous dérangez pas	Don't trouble yourself	salutations
Ne vous donnez pas cette peine	Don't go to the trouble	salutations
Surtout ne vous dérangez pas	Please don't go out of your way	salutations
Laissez, je vais le faire	Leave it, I'll do it	salutations
Ce n'est pas la peine	There's no need	salutations
Inutile de vous déranger	No need to trouble yourself	salutations
Je suis vraiment désolé	I'm truly sorry	salutations
Je suis désolé de vous déranger	Sorry to bother you	salutations
Excusez-moi de vous déranger	Excuse me for disturbing you	salutations
Désolé de vous importuner	Sorry to disturb you	salutations
Je m'excuse pour le retard	I apologize for being late	salutations
Veuillez m'excuser	Please excuse me	salutations
Je vous prie de m'excuser	I beg your pardon	salutations
Toutes mes excuses	My apologies	salutations
Je vous présente mes excuses	I offer you my apologies	salutations
Je suis confus	I'm terribly sorry	salutations
Je suis navré	I'm so sorry	salutations
Ce n'était pas mon intention	I didn't mean to	salutations
Je ne voulais pas vous offenser	I didn't mean to offend you	salutations
Je vous demande pardon	I beg your pardon	salutations
Puis-je vous aider ?	Can I help you?	salutations
Est-ce que je peux vous aider ?	May I help you?	salutations
Avez-vous besoin d'aide ?	Do you need help?	salutations
Si vous avez besoin de quoi que ce soit	If you need anything	salutations
N'hésitez pas à me demander	Don't hesitate to ask me	salutations
N'hésitez pas	Feel free	salutations
Je suis là si besoin	I'm here if you need	salutations
Je vous en prie, faites donc	Please, go ahead	salutations
Allez-y	Go ahead	salutations
Après vous	After you	salutations
Je vous laisse passer	Let me let you through	salutations
Faites comme chez vous	Make yourself at home	salutations
Mettez-vous à l'aise	Make yourself comfortable	salutations
Asseyez-vous, je vous en prie	Please have a seat	salutations
Félicitations !	Congratulations!	salutations
Toutes mes félicitations	Congratulations	salutations
Je vous félicite	I congratulate you	salutations
Chapeau !	Well done!	salutations
Bravo !	Well done!	salutations
Bien joué	Nicely done	salutations
Bonne chance !	Good luck!	salutations
Je vous souhaite bonne chance	I wish you good luck	salutations
Bon courage	Hang in there	salutations
Bon courage pour la suite	Good luck with the rest	salutations
Bonne continuation	All the best going forward	salutations
Bon appétit	Enjoy your meal	salutations
Bon appétit à tous	Enjoy your meal everyone	salutations
À la vôtre !	Cheers!	salutations
Santé !	Cheers!	salutations
Bonne soirée	Have a good evening	salutations
Bon week-end	Have a good weekend	salutations
Bonnes vacances	Have a nice holiday	salutations
Bon voyage	Have a good trip	salutations
Bonne route	Drive safely	salutations
Prenez soin de vous	Take care of yourself	salutations
Reposez-vous bien	Get some good rest	salutations
Remettez-vous vite	Get well soon	salutations
Meilleurs vœux	Best wishes	salutations
Je vous souhaite le meilleur	I wish you all the best	salutations
Toutes mes condoléances	My deepest condolences	salutations
Je pense bien à vous	I'm thinking of you	salutations
Portez-vous bien	Stay well	salutations
Ravi de vous avoir rencontré	Delighted to have met you	salutations
C'est très aimable à vous d'être venu	It's very kind of you to come	salutations
Je m'appelle Marie.	My name is Marie.	salutations
Je me présente.	Let me introduce myself.	salutations
Moi, c'est Thomas.	I'm Thomas.	salutations
Ravi de vous rencontrer.	Nice to meet you.	salutations
Ravie de faire votre connaissance.	Pleased to meet you.	salutations
Enchanté de vous connaître.	Delighted to know you.	salutations
Je suis content de vous rencontrer.	I'm glad to meet you.	salutations
C'est un plaisir de vous rencontrer.	It's a pleasure to meet you.	salutations
Permettez-moi de me présenter.	Allow me to introduce myself.	salutations
Je vous présente mon ami Paul.	This is my friend Paul.	salutations
Je vous présente ma collègue.	This is my colleague.	salutations
Voici mon mari.	This is my husband.	salutations
Voici ma femme.	This is my wife.	salutations
Je te présente ma sœur.	This is my sister.	salutations
On se connaît déjà, je crois.	I think we've already met.	salutations
On s'est déjà rencontrés quelque part ?	Have we met somewhere before?	salutations
Bienvenue parmi nous.	Welcome among us.	salutations
Heureux de vous accueillir.	Happy to welcome you.	salutations
Vous pouvez m'appeler Alex.	You can call me Alex.	salutations
Tout le monde m'appelle Jo.	Everyone calls me Jo.	salutations
Bonjour, je peux vous renseigner ?	Hello, can I help you?	salutations
Bonne journée, au revoir !	Have a good day, goodbye!	salutations
Bonjour, j'ai une réservation au nom de Martin.	Hello, I have a reservation under the name Martin.	salutations
Merci beaucoup pour votre aide.	Thank you very much for your help.	salutations
On se voit la semaine prochaine.	See you next week.	salutations
On se voit lundi.	See you Monday.	salutations
À la semaine prochaine.	See you next week.	salutations
À lundi.	See you Monday.	salutations
À ce soir.	See you tonight.	salutations
À tout de suite.	See you in a moment.	salutations
On se rappelle plus tard.	We'll call each other later.	salutations
Comment ça va ?	How's it going?	salutations
Ça roule ?	How's it going?	salutations
Comment tu vas ?	How are you doing?	salutations
Et toi, ça va ?	And you, how are you?	salutations
Ça va et toi ?	I'm good, and you?	salutations
Bonne journée au travail !	Have a good day at work!	salutations
Comment vous appelez-vous, déjà ?	What's your name again?	questions
Quel est votre nom de famille ?	What's your last name?	questions
Vous vous appelez comment ?	What's your name?	questions
D'où venez-vous ?	Where are you from?	questions
Vous êtes d'où, exactement ?	Where exactly are you from?	questions
De quelle ville venez-vous ?	What city are you from?	questions
Vous êtes de quelle nationalité ?	What's your nationality?	questions
Où est-ce que vous habitez ?	Where do you live?	questions
Vous habitez dans le coin ?	Do you live around here?	questions
Depuis combien de temps vivez-vous ici ?	How long have you lived here?	questions
Qu'est-ce que vous faites dans la vie ?	What do you do for a living?	questions
Vous travaillez dans quel domaine ?	What field do you work in?	questions
Quel est votre métier ?	What's your job?	questions
Vous êtes étudiant ?	Are you a student?	questions
Qu'est-ce que vous étudiez ?	What do you study?	questions
Vous faites quoi comme études ?	What are you studying?	questions
Quel âge avez-vous ?	How old are you?	questions
Vous avez quel âge ?	How old are you?	questions
Vous êtes marié ?	Are you married?	questions
Vous avez des enfants ?	Do you have children?	questions
Vous avez des frères et sœurs ?	Do you have any siblings?	questions
Quelles langues parlez-vous ?	What languages do you speak?	questions
Vous parlez anglais ?	Do you speak English?	questions
Comment connaissez-vous Paul ?	How do you know Paul?	questions
Vous êtes là pour le travail ?	Are you here for work?	questions
Et vous, qu'est-ce que vous faites ?	And you, what do you do?	questions
Vous venez souvent ici ?	Do you come here often?	questions
C'est la première fois que vous venez ?	Is this your first time here?	questions
Vous restez longtemps ?	Are you staying long?	questions
Qu'est-ce qui se passe ?	What's going on?	questions
Qu'est-ce qui se passe ici ?	What's going on here?	questions
Qu'est-ce que vous voulez dire ?	What do you mean?	questions
Comment ça ?	What do you mean? / How so?	questions
Qu'est-ce que tu entends par là ?	What do you mean by that?	questions
Pouvez-vous m'expliquer ?	Can you explain to me?	questions
Vous pouvez m'expliquer comment ça marche ?	Can you explain how this works?	questions
Est-ce que c'est loin ?	Is it far?	questions
C'est encore loin ?	Is it still far?	questions
On est bientôt arrivés ?	Are we almost there?	questions
Qu'est-ce que ça veut dire ?	What does that mean?	questions
Qu'est-ce que ce mot veut dire ?	What does this word mean?	questions
Ça veut dire quoi exactement ?	What exactly does that mean?	questions
Est-ce que je peux entrer ?	May I come in?	questions
Est-ce que je peux vous poser une question ?	May I ask you a question?	questions
Est-ce que je peux m'asseoir ici ?	May I sit here?	questions
Je peux y aller ?	Can I go now?	questions
Pourriez-vous parler plus lentement ?	Could you speak more slowly?	questions
Pourriez-vous répéter, s'il vous plaît ?	Could you repeat that, please?	questions
Pourriez-vous me montrer ?	Could you show me?	questions
Pourriez-vous me donner un exemple ?	Could you give me an example?	questions
Savez-vous si c'est ouvert ?	Do you know if it's open?	questions
Savez-vous si le train est à l'heure ?	Do you know if the train is on time?	questions
Vous savez s'il y a une pharmacie près d'ici ?	Do you know if there's a pharmacy nearby?	questions
Qu'est-ce que vous en pensez ?	What do you think about it?	questions
Qu'est-ce que vous me conseillez ?	What do you recommend?	questions
Qu'est-ce qu'on fait maintenant ?	What do we do now?	questions
Qu'est-ce qu'il y a ?	What's the matter?	questions
Qu'est-ce qui ne va pas ?	What's wrong?	questions
Qu'est-ce que vous avez dit ?	What did you say?	questions
Vous avez dit quoi ?	What did you say?	questions
À quelle heure ça commence ?	What time does it start?	questions
À quelle heure on se retrouve ?	What time are we meeting?	questions
Jusqu'à quelle heure c'est ouvert ?	Until what time is it open?	questions
Depuis quand vous êtes là ?	Since when have you been here?	questions
Depuis combien de temps vous attendez ?	How long have you been waiting?	questions
Ça fait combien de temps ?	How long has it been?	questions
Ça dure combien de temps ?	How long does it last?	questions
Combien de temps il faut pour y aller ?	How long does it take to get there?	questions
Où est-ce qu'on peut manger par ici ?	Where can we eat around here?	questions
Où est-ce que je peux acheter un billet ?	Where can I buy a ticket?	questions
Par où on passe ?	Which way do we go?	questions
C'est par où ?	Which way is it?	questions
Comment on fait pour aller au centre-ville ?	How do we get to the city center?	questions
Comment ça s'écrit ?	How do you spell that?	questions
Comment on dit ça en français ?	How do you say that in French?	questions
Comment vous vous appelez ?	What's your name?	questions
Comment je peux vous joindre ?	How can I reach you?	questions
Qui est au courant ?	Who knows about it?	questions
Qui s'occupe de ça ?	Who's handling this?	questions
À qui je dois m'adresser ?	Who should I speak to?	questions
C'est à qui le tour ?	Whose turn is it?	questions
Pour qui c'est ?	Who is it for?	questions
De quoi vous parlez ?	What are you talking about?	questions
De quoi il s'agit ?	What is it about?	questions
Quel est le problème ?	What's the problem?	questions
Quelle est la différence ?	What's the difference?	questions
Quel jour on est ?	What day is it?	questions
On est quel jour aujourd'hui ?	What's the date today?	questions
Vous en voulez combien ?	How many would you like?	questions
Il en reste combien ?	How many are left?	questions
Ça coûte combien en tout ?	How much is it altogether?	questions
Je vous dois combien ?	How much do I owe you?	questions
Pourquoi pas ?	Why not?	questions
Pourquoi vous dites ça ?	Why do you say that?	questions
Et alors ?	So what? / And then?	questions
Et après ?	And then what?	questions
Ça vous dérange si j'ouvre la fenêtre ?	Do you mind if I open the window?	questions
Ça vous dérange si je me joins à vous ?	Do you mind if I join you?	questions
Est-ce que ça vous va ?	Does that work for you?	questions
Ça vous convient ?	Is that okay with you?	questions
Vous êtes sûr ?	Are you sure?	questions
Vous en êtes certain ?	Are you certain?	questions
Vous pouvez vérifier ?	Can you check?	questions
Vous auriez l'heure ?	Do you have the time?	questions
Vous auriez une minute ?	Do you have a minute?	questions
Vous comprenez ?	Do you understand?	questions
Vous me suivez ?	Are you following me?	questions
C'est quoi le souci ?	What's the issue?	questions
C'est urgent ?	Is it urgent?	questions
On peut se tutoyer ?	Can we use "tu" with each other?	questions
Vous voulez que je vous aide ?	Do you want me to help you?	questions
Qu'est-ce que je peux faire pour vous ?	What can I do for you?	questions
Comment ça se fait ?	How come?	questions
Vous pouvez me rappeler votre nom ?	Can you remind me of your name?	questions
Vous habitez où exactement ?	Where exactly do you live?	questions
À quoi ça sert ?	What's it for?	questions
Excusez-moi, où est la gare ?	Excuse me, where is the station?	questions
Pouvez-vous m'indiquer le chemin ?	Can you show me the way?	questions
Comment est-ce que je vais à la gare ?	How do I get to the station?	questions
Comment on va au centre-ville ?	How do you get to the city center?	questions
Quelle direction pour le musée ?	Which way to the museum?	questions
C'est par où, l'office de tourisme ?	Which way is the tourist office?	questions
Est-ce que c'est loin d'ici ?	Is it far from here?	questions
Est-ce que c'est près d'ici ?	Is it near here?	questions
On peut y aller à pied ?	Can we walk there?	questions
C'est à quelle distance ?	How far is it?	questions
Ça prend combien de temps à pied ?	How long does it take on foot?	questions
Est-ce que ce bus va au centre-ville ?	Does this bus go to the city center?	questions
Est-ce que ce train va à Lyon ?	Does this train go to Lyon?	questions
C'est bien le bus pour la gare ?	Is this the right bus for the station?	questions
Quel bus va à l'aéroport ?	Which bus goes to the airport?	questions
Quelle ligne de métro je dois prendre ?	Which metro line should I take?	questions
Je dois changer de ligne ?	Do I have to change lines?	questions
Où est-ce que je dois descendre ?	Where do I have to get off?	questions
C'est quel arrêt pour le Louvre ?	Which stop is it for the Louvre?	questions
Le prochain arrêt, c'est lequel ?	What's the next stop?	questions
Vous pouvez me dire quand descendre ?	Can you tell me when to get off?	questions
C'est combien le billet ?	How much is the ticket?	questions
Où est-ce que je peux acheter un ticket ?	Where can I buy a ticket?	questions
Il y a un distributeur de billets ?	Is there a ticket machine?	questions
À quelle heure part le prochain train ?	What time does the next train leave?	questions
Le train part de quel quai ?	Which platform does the train leave from?	questions
C'est sur quel quai ?	Which platform is it?	questions
Le train a du retard ?	Is the train delayed?	questions
À quelle heure arrive le train à Nice ?	What time does the train arrive in Nice?	questions
Est-ce que le train est direct ?	Is it a direct train?	questions
Je dois composter mon billet ?	Do I have to validate my ticket?	questions
Est-ce que cette place est libre ?	Is this seat free?	questions
Pouvez-vous appeler un taxi ?	Can you call a taxi?	questions
Combien ça coûte pour aller au centre ?	How much is it to the center?	questions
Vous prenez la carte ?	Do you take card?	questions
Vous pouvez me déposer ici ?	Can you drop me off here?	questions
Où est l'arrêt de bus le plus proche ?	Where's the nearest bus stop?	questions
Où est la station de taxis ?	Where's the taxi stand?	questions
Il y a une station de métro près d'ici ?	Is there a metro station near here?	questions
Le bus passe tous les combien ?	How often does the bus come?	questions
Vous pouvez me montrer sur la carte ?	Can you show me on the map?	questions
On est où, là, sur le plan ?	Where are we on the map?	questions
C'est dans quelle direction ?	Which direction is it?	questions
Faut prendre quelle sortie de métro ?	Which metro exit should I take?	questions
Vous connaissez le chemin pour l'hôtel ?	Do you know the way to the hotel?	questions
Y a-t-il un parking dans le coin ?	Is there a parking lot around here?	questions
Avez-vous une table pour ce soir ?	Do you have a table for tonight?	questions
À quelle heure ouvrez-vous ?	What time do you open?	questions
Est-ce que vous servez encore à manger ?	Are you still serving food?	questions
Une table en terrasse, c'est possible ?	Is a table on the terrace possible?	questions
On peut s'asseoir où on veut ?	Can we sit wherever we want?	questions
Est-ce qu'il y a de l'attente ?	Is there a wait?	questions
Vous avez la carte, s'il vous plaît ?	Do you have the menu, please?	questions
Je peux voir la carte des vins ?	Can I see the wine list?	questions
Qu'est-ce que vous nous conseillez ?	What do you recommend?	questions
C'est quoi le plat du jour ?	What's the dish of the day?	questions
Quelle est la spécialité de la maison ?	What's the house specialty?	questions
Qu'est-ce qu'il y a dans ce plat ?	What's in this dish?	questions
Vous avez un menu enfant ?	Do you have a children's menu?	questions
Vous avez choisi ?	Have you decided?	questions
Je peux avoir la carte des desserts ?	Can I have the dessert menu?	questions
Comment vous voulez votre viande ?	How would you like your meat?	questions
Saignant, à point ou bien cuit ?	Rare, medium or well done?	questions
Sans oignons, c'est possible ?	Without onions, is that possible?	questions
Je peux avoir la sauce à part ?	Can I have the sauce on the side?	questions
Vous avez du thé vert ?	Do you have green tea?	questions
Vous avez du vin au verre ?	Do you have wine by the glass?	questions
Vous me conseillez quel vin avec ça ?	Which wine do you recommend with this?	questions
De l'eau plate ou gazeuse ?	Still or sparkling water?	questions
Vous avez des bières locales ?	Do you have local beers?	questions
Est-ce qu'il y a des noix dedans ?	Are there nuts in it?	questions
Vous avez des plats sans gluten ?	Do you have gluten-free dishes?	questions
Vous avez des plats végétariens ?	Do you have vegetarian dishes?	questions
Est-ce qu'il y a de la viande dedans ?	Is there meat in it?	questions
Ce plat contient-il du porc ?	Does this dish contain pork?	questions
Est-ce que c'est épicé ?	Is it spicy?	questions
Est-ce que c'est fait maison ?	Is it homemade?	questions
C'est pour quelle taille de portion ?	What size is the portion?	questions
On peut partager une entrée ?	Can we share a starter?	questions
Vous pouvez réchauffer ce plat ?	Could you warm up this dish?	questions
Vous pouvez débarrasser, s'il vous plaît ?	Could you clear the table, please?	questions
Vous avez du sel ?	Do you have salt?	questions
Tout va bien pour vous ?	Is everything all right for you?	questions
On peut commander le dessert ?	Can we order dessert?	questions
Qu'est-ce que vous avez comme dessert ?	What do you have for dessert?	questions
On peut avoir la note ?	Can we have the bill?	questions
Est-ce que le service est compris ?	Is service included?	questions
On peut payer séparément ?	Can we pay separately?	questions
Est-ce que je peux payer par carte ?	Can I pay by card?	questions
Vous avez le wifi ?	Do you have wifi?	questions
C'est où, les toilettes ?	Where's the restroom?	questions
Est-ce que vous faites des plats à emporter ?	Do you do takeaway?	questions
Je peux emporter le reste ?	Can I take the rest to go?	questions
Bonjour, vous cherchez quelque chose de particulier ?	Hello, are you looking for anything in particular?	questions
Est-ce que vous avez besoin d'aide ?	Do you need any help?	questions
Vous avez ça dans une autre couleur ?	Do you have this in another colour?	questions
Vous l'avez en bleu ?	Do you have it in blue?	questions
Vous l'auriez en noir ?	Would you have it in black?	questions
Vous avez ça en plus grand ?	Do you have this in a bigger size?	questions
Vous l'avez en plus petit ?	Do you have it in a smaller size?	questions
Vous avez la taille au-dessus ?	Do you have the next size up?	questions
Vous avez la taille en dessous ?	Do you have the next size down?	questions
Quelle taille faites-vous ?	What size are you?	questions
Est-ce que je peux l'essayer ?	Can I try it on?	questions
Je peux essayer ces deux modèles ?	Can I try these two on?	questions
Où sont les cabines d'essayage ?	Where are the fitting rooms?	questions
La cabine est libre ?	Is the fitting room free?	questions
Vous prenez combien d'articles ?	How many items are you taking in?	questions
Vous avez ce modèle en stock ?	Do you have this model in stock?	questions
Vous l'avez en réserve ?	Do you have it in the back?	questions
Il vous en reste ?	Do you have any left?	questions
Vous pouvez me le commander ?	Can you order it for me?	questions
C'est combien, celui-ci ?	How much is this one?	questions
Ça fait combien en tout ?	How much is that altogether?	questions
Quel est le prix de cet article ?	What's the price of this item?	questions
Il y a une promotion sur ce produit ?	Is there a sale on this product?	questions
C'est en solde ?	Is it on sale?	questions
Vous n'avez pas moins cher ?	Don't you have anything cheaper?	questions
Est-ce que vous faites un prix ?	Can you do me a deal on the price?	questions
Je peux payer par carte ?	Can I pay by card?	questions
Vous acceptez la carte ?	Do you take cards?	questions
Vous prenez le sans contact ?	Do you take contactless?	questions
Je peux payer en plusieurs fois ?	Can I pay in instalments?	questions
Vous acceptez les espèces ?	Do you accept cash?	questions
Je n'ai que des billets, ça vous gêne ?	I only have notes, is that a problem?	questions
Vous avez la monnaie sur cinquante euros ?	Do you have change for fifty euros?	questions
Vous avez de la monnaie ?	Do you have change?	questions
Vous pouvez retaper votre code ?	Can you re-enter your PIN?	questions
Je peux avoir un ticket de caisse ?	Can I get a receipt?	questions
Vous voulez le ticket ?	Do you want the receipt?	questions
Vous voulez une facture ?	Would you like an invoice?	questions
Vous pouvez me faire un cadeau ?	Could you gift-wrap it for me?	questions
Vous voulez un sac ?	Would you like a bag?	questions
Le sac est payant, ça vous va ?	The bag costs extra, is that okay?	questions
Je vous mets ça dans un sac ?	Shall I put this in a bag for you?	questions
Vous avez une carte de fidélité ?	Do you have a loyalty card?	questions
Je peux cumuler des points ?	Can I earn points?	questions
Est-ce que je peux échanger cet article ?	Can I exchange this item?	questions
Vous reprenez les articles soldés ?	Do you take back sale items?	questions
Vous avez combien de temps pour rapporter un article ?	How long do you have to bring an item back?	questions
Excusez-moi, où est le rayon des chaussures ?	Excuse me, where's the shoe section?	questions
Vous pourriez m'indiquer la caisse ?	Could you point me to the till?	questions
Vous fermez à quelle heure ?	What time do you close?	questions
C'est tout pour vous ?	Is that everything for you?	questions
Avez-vous une chambre de libre ce soir ?	Do you have a room available tonight?	questions
Pour combien de nuits ?	For how many nights?	questions
Est-ce que le petit-déjeuner est inclus ?	Is breakfast included?	questions
À quelle heure est le petit-déjeuner ?	What time is breakfast?	questions
À quelle heure est le check-in ?	What time is check-in?	questions
À quelle heure dois-je libérer la chambre ?	What time do I have to check out?	questions
Puis-je laisser mes bagages à la réception ?	Can I leave my luggage at the reception?	questions
Y a-t-il un ascenseur ?	Is there an elevator?	questions
Avez-vous une chambre avec vue sur la mer ?	Do you have a room with a sea view?	questions
La chambre est à quel étage ?	What floor is the room on?	questions
Est-ce qu'il y a le wifi ?	Is there wifi?	questions
Quel est le mot de passe du wifi ?	What's the wifi password?	questions
Pourriez-vous m'appeler un taxi ?	Could you call me a taxi?	questions
À quelle heure ouvre la réception ?	What time does the reception open?	questions
Combien coûte la chambre par nuit ?	How much is the room per night?	questions
Est-ce que les taxes sont comprises ?	Are the taxes included?	questions
Acceptez-vous les cartes de crédit ?	Do you accept credit cards?	questions
Puis-je avoir la facture, s'il vous plaît ?	Can I have the bill, please?	questions
Pourriez-vous changer les serviettes ?	Could you change the towels?	questions
Le chauffage est-il inclus ?	Is the heating included?	questions
Y a-t-il un parking à l'hôtel ?	Is there parking at the hotel?	questions
Le parking est-il payant ?	Is the parking paid?	questions
Avez-vous un coffre-fort dans la chambre ?	Do you have a safe in the room?	questions
Est-ce que l'hôtel est loin du centre-ville ?	Is the hotel far from the city center?	questions
Comment puis-je aller à l'aéroport ?	How can I get to the airport?	questions
Y a-t-il une navette pour l'aéroport ?	Is there a shuttle to the airport?	questions
À quelle heure part la navette ?	What time does the shuttle leave?	questions
Pouvez-vous me réveiller à sept heures ?	Can you wake me up at seven?	questions
Pourriez-vous me recommander un bon restaurant ?	Could you recommend a good restaurant?	questions
Où se trouve l'arrêt de bus le plus proche ?	Where's the nearest bus stop?	questions
Où se trouve l'enregistrement ?	Where is check-in?	questions
À quelle porte part mon vol ?	What gate does my flight leave from?	questions
Où est la livraison des bagages ?	Where's the baggage claim?	questions
Pourriez-vous m'aider, s'il vous plaît ?	Could you help me, please?	questions
Où dois-je passer la douane ?	Where do I go through customs?	questions
Où puis-je récupérer ma carte d'embarquement ?	Where can I pick up my boarding pass?	questions
Mon vol part à quelle heure ?	What time does my flight leave?	questions
À quel terminal dois-je aller ?	Which terminal should I go to?	questions
Où est le contrôle de sécurité ?	Where is the security check?	questions
Combien de bagages puis-je emporter ?	How many bags can I take?	questions
Est-ce que les animaux sont acceptés ?	Are pets allowed?	questions
Pouvez-vous m'indiquer le chemin de la gare ?	Can you show me the way to the station?	questions
Y a-t-il une consigne pour les bagages ?	Is there a luggage storage?	questions
Puis-je modifier ma réservation ?	Can I change my reservation?	questions
Avez-vous reçu ma réservation en ligne ?	Did you receive my online booking?	questions
La chambre est-elle prête ?	Is the room ready?	questions
Puis-je faire un check-in anticipé ?	Can I do an early check-in?	questions
Y a-t-il un supplément pour le lit bébé ?	Is there an extra charge for the baby cot?	questions
Pourriez-vous appeler un médecin ?	Could you call a doctor?	questions
L'hôtel a-t-il une piscine ?	Does the hotel have a pool?	questions
Où puis-je changer de l'argent ?	Where can I change money?	questions
Y a-t-il un distributeur de billets près d'ici ?	Is there an ATM near here?	questions
Quel jour sommes-nous ?	What day are we?	questions
On est le combien aujourd'hui ?	What's the date today?	questions
Quelle est la date du jour ?	What's today's date?	questions
Vous avez l'heure, s'il vous plaît ?	Do you have the time, please?	questions
On se voit à quelle heure ?	What time do we meet?	questions
Vous êtes libre demain ?	Are you free tomorrow?	questions
Tu es libre ce week-end ?	Are you free this weekend?	questions
Vous avez un moment ?	Do you have a moment?	questions
Ça vous va, mardi prochain ?	Does next Tuesday work for you?	questions
On peut se voir jeudi ?	Can we meet on Thursday?	questions
On remet ça à plus tard ?	Shall we put it off till later?	questions
Il fait quel temps chez vous ?	What's the weather like where you are?	questions
Quel temps fait-il aujourd'hui ?	What's the weather like today?	questions
Il va faire beau demain ?	Will it be nice tomorrow?	questions
Où est la pharmacie ?	Where's the pharmacy?	questions
Où est l'hôpital ?	Where's the hospital?	questions
Avez-vous quelque chose contre la douleur ?	Do you have something for pain?	questions
Avez-vous quelque chose contre la toux ?	Do you have something for a cough?	questions
Où avez-vous mal ?	Where does it hurt?	questions
Comment vous sentez-vous ?	How are you feeling?	questions
Pouvez-vous appeler ma famille ?	Can you call my family?	questions
Est-ce que c'est ouvert la nuit ?	Is it open at night?	questions
Y a-t-il un médecin ici ?	Is there a doctor here?	questions
Ça se passe bien ?	Is it going well?	questions
Tout se passe bien ?	Is everything going well?	questions
Tout va bien ?	Is everything okay?	questions
Comment ça s'est passé ?	How did it go?	questions
Ça te dit ?	You up for it?	questions
Vous travaillez où ?	Where do you work?	questions
À quelle heure est la réunion ?	What time is the meeting?	questions
À quelle heure tu commences ?	What time do you start?	questions
À quelle heure vous commencez le travail ?	What time do you start work?	questions
Tu es libre cet après-midi ?	Are you free this afternoon?	questions
Vous êtes disponible demain ?	Are you available tomorrow?	questions
On peut reporter ?	Can we reschedule?	questions
On peut déplacer le rendez-vous ?	Can we move the appointment?	questions
Est-ce qu'on peut remettre ça à demain ?	Can we put it off until tomorrow?	questions
On s'appelle ?	Shall we talk on the phone?	questions
On fait des projets ?	Shall we make plans?	questions
On se fait un truc ce week-end ?	Shall we do something this weekend?	questions
On se voit quand ?	When are we meeting up?	questions
On peut se voir cette semaine ?	Can we meet up this week?	questions
Tu as reçu mon mail ?	Did you get my email?	questions
Tu peux me rappeler ?	Can you call me back?	questions
Tu peux me donner un coup de main ?	Can you give me a hand?	questions
Comment s'est passée ta journée ?	How was your day?	questions
Ça a été au travail ?	Did work go okay?	questions
On déjeune ensemble ?	Shall we have lunch together?	questions
Tu peux passer me prendre demain ?	Can you pick me up tomorrow?	questions
Je viens de Lyon.	I'm from Lyon.	quotidien
Je suis français.	I'm French.	quotidien
Je suis française.	I'm French.	quotidien
Je suis originaire du sud de la France.	I'm originally from the south of France.	quotidien
J'habite à Paris depuis cinq ans.	I've lived in Paris for five years.	quotidien
Je vis dans la banlieue de Marseille.	I live in the suburbs of Marseille.	quotidien
Je travaille dans l'informatique.	I work in IT.	quotidien
Je suis professeur de mathématiques.	I'm a math teacher.	quotidien
Je suis ingénieur.	I'm an engineer.	quotidien
Je suis infirmière.	I'm a nurse.	quotidien
Je suis à la recherche d'un emploi.	I'm looking for a job.	quotidien
Je suis étudiant en droit.	I'm a law student.	quotidien
J'étudie la médecine à l'université.	I study medicine at university.	quotidien
Je suis en deuxième année.	I'm in my second year.	quotidien
J'ai trente-deux ans.	I'm thirty-two years old.	quotidien
Je suis marié et j'ai deux enfants.	I'm married and I have two kids.	quotidien
Je suis célibataire.	I'm single.	quotidien
J'ai un grand frère et une petite sœur.	I have an older brother and a younger sister.	quotidien
Je vis avec ma famille.	I live with my family.	quotidien
Ma famille habite à la campagne.	My family lives in the countryside.	quotidien
Je parle français, anglais et un peu d'espagnol.	I speak French, English and a little Spanish.	quotidien
Ma langue maternelle est le français.	My native language is French.	quotidien
J'apprends le français depuis deux ans.	I've been learning French for two years.	quotidien
Je ne parle pas très bien anglais.	I don't speak English very well.	quotidien
Je suis ici pour le travail.	I'm here for work.	quotidien
Je suis en vacances.	I'm on vacation.	quotidien
Je suis venu rendre visite à un ami.	I came to visit a friend.	quotidien
On travaille ensemble.	We work together.	quotidien
C'est un ami d'enfance.	He's a childhood friend.	quotidien
On se connaît depuis le lycée.	We've known each other since high school.	quotidien
Je suis nouveau dans le quartier.	I'm new to the neighborhood.	quotidien
Je viens d'emménager ici.	I just moved here.	quotidien
Je suis né à Bordeaux.	I was born in Bordeaux.	quotidien
J'ai grandi à l'étranger.	I grew up abroad.	quotidien
Je partage un appartement avec un colocataire.	I share an apartment with a roommate.	quotidien
Pardon, je cherche la station de métro.	Sorry, I'm looking for the metro station.	quotidien
Je voudrais aller à l'aéroport.	I'd like to go to the airport.	quotidien
Je cherche cette adresse.	I'm looking for this address.	quotidien
C'est à cinq minutes à pied.	It's a five-minute walk.	quotidien
C'est tout près, vous pouvez y aller à pied.	It's very close, you can walk there.	quotidien
C'est trop loin pour y aller à pied.	It's too far to walk.	quotidien
Tournez à droite.	Turn right.	quotidien
Tournez à gauche.	Turn left.	quotidien
Continuez tout droit.	Keep going straight ahead.	quotidien
Allez tout droit jusqu'au feu.	Go straight to the traffic light.	quotidien
Prenez la première rue à droite.	Take the first street on the right.	quotidien
Prenez la deuxième à gauche.	Take the second on the left.	quotidien
C'est juste au coin de la rue.	It's right around the corner.	quotidien
C'est en face de la pharmacie.	It's across from the pharmacy.	quotidien
C'est à côté de la banque.	It's next to the bank.	quotidien
C'est derrière l'église.	It's behind the church.	quotidien
C'est au bout de la rue.	It's at the end of the street.	quotidien
Traversez la place.	Cross the square.	quotidien
Traversez au passage piéton.	Cross at the crosswalk.	quotidien
Vous verrez l'entrée sur votre gauche.	You'll see the entrance on your left.	quotidien
Suivez les panneaux.	Follow the signs.	quotidien
Vous descendez à la prochaine station.	You get off at the next stop.	quotidien
Je voudrais un billet pour Marseille.	I'd like a ticket to Marseille.	quotidien
Un aller simple, s'il vous plaît.	A one-way ticket, please.	quotidien
Un aller-retour pour Bordeaux, s'il vous plaît.	A round-trip ticket to Bordeaux, please.	quotidien
Deux tickets de métro, s'il vous plaît.	Two metro tickets, please.	quotidien
Je voudrais aller à cette adresse, s'il vous plaît.	I'd like to go to this address, please.	quotidien
À l'aéroport, s'il vous plaît.	To the airport, please.	quotidien
Arrêtez-vous ici, s'il vous plaît.	Stop here, please.	quotidien
Le prochain bus arrive dans dix minutes.	The next bus comes in ten minutes.	quotidien
J'ai raté mon bus.	I missed my bus.	quotidien
Je crois que je me suis perdu.	I think I'm lost.	quotidien
Je ne suis pas d'ici.	I'm not from around here.	quotidien
C'est à environ dix minutes en voiture.	It's about ten minutes by car.	quotidien
On y va plus vite en métro.	It's faster by metro.	quotidien
Prenez le RER jusqu'à Châtelet.	Take the RER to Châtelet.	quotidien
Descendez à la station suivante et changez.	Get off at the next stop and change.	quotidien
Revenez sur vos pas, vous êtes allé trop loin.	Go back, you've gone too far.	quotidien
C'est juste après le rond-point.	It's just after the roundabout.	quotidien
Garez-vous un peu plus loin, s'il vous plaît.	Park a bit further along, please.	quotidien
Je voudrais réserver une table pour deux.	I'd like to book a table for two.	quotidien
On a réservé au nom de Martin.	We have a reservation under the name Martin.	quotidien
On est quatre personnes.	There are four of us.	quotidien
On va prendre le menu à vingt euros.	We'll take the twenty-euro set menu.	quotidien
Je prends une entrée et un plat.	I'll have a starter and a main.	quotidien
Pour moi, ce sera le poulet rôti.	For me, it'll be the roast chicken.	quotidien
Je vais prendre le poisson.	I'll have the fish.	quotidien
La même chose pour moi.	The same for me.	quotidien
On va commencer par les boissons.	We'll start with the drinks.	quotidien
On a besoin d'encore quelques minutes.	We need a few more minutes.	quotidien
À point, s'il vous plaît.	Medium, please.	quotidien
Un café, s'il vous plaît.	A coffee, please.	quotidien
Un café crème, s'il vous plaît.	A coffee with milk, please.	quotidien
Un déca pour moi.	A decaf for me.	quotidien
Un verre de vin rouge, s'il vous plaît.	A glass of red wine, please.	quotidien
On va prendre une bouteille de blanc.	We'll have a bottle of white.	quotidien
Une carafe d'eau, s'il vous plaît.	A carafe of water, please.	quotidien
Encore un verre d'eau, s'il vous plaît.	Another glass of water, please.	quotidien
Une pression, s'il vous plaît.	A draft beer, please.	quotidien
Un jus d'orange, s'il vous plaît.	An orange juice, please.	quotidien
Ce n'est pas ce que j'avais commandé.	This isn't what I ordered.	quotidien
Je suis allergique aux fruits de mer.	I'm allergic to seafood.	quotidien
Je suis allergique aux arachides.	I'm allergic to peanuts.	quotidien
Je suis intolérant au gluten.	I'm gluten intolerant.	quotidien
Je suis végétarien.	I'm vegetarian.	quotidien
Je suis végétarienne.	I'm vegetarian.	quotidien
Je suis végétalien.	I'm vegan.	quotidien
Je ne mange pas de porc.	I don't eat pork.	quotidien
Il manque une fourchette.	A fork is missing.	quotidien
Un peu plus de pain, s'il vous plaît.	A bit more bread, please.	quotidien
Je vais prendre un café gourmand.	I'll have a coffee with mini desserts.	quotidien
Rien pour moi, merci.	Nothing for me, thank you.	quotidien
Gardez la monnaie.	Keep the change.	quotidien
Je regarde, merci.	I'm just looking, thanks.	quotidien
Je jette juste un coup d'œil.	I'm just having a look.	quotidien
Je cherche un cadeau pour ma mère.	I'm looking for a gift for my mother.	quotidien
Je cherche une veste pour l'hiver.	I'm looking for a jacket for winter.	quotidien
Je fais du 40.	I'm a size 40.	quotidien
Je chausse du 42.	I take a size 42 in shoes.	quotidien
C'est un peu trop grand pour moi.	It's a bit too big for me.	quotidien
C'est un peu trop serré.	It's a bit too tight.	quotidien
C'est trop court.	It's too short.	quotidien
Ça me va bien, je trouve.	I think it fits me well.	quotidien
Les cabines sont au fond du magasin.	The fitting rooms are at the back of the shop.	quotidien
Je vais réfléchir, merci.	I'll think about it, thanks.	quotidien
Je vais le prendre.	I'll take it.	quotidien
Je vais prendre celui-là.	I'll take that one.	quotidien
Je vais prendre les deux.	I'll take both.	quotidien
Désolé, on n'en a plus.	Sorry, we're out of it.	quotidien
On va bientôt être réapprovisionnés.	We'll be restocked soon.	quotidien
C'est à moitié prix.	It's half price.	quotidien
Il y a une réduction sur la deuxième pièce.	There's a discount on the second item.	quotidien
Ça revient un peu cher pour moi.	That works out a bit expensive for me.	quotidien
C'est au-dessus de mon budget.	It's over my budget.	quotidien
Je cherche quelque chose dans la même gamme de prix.	I'm looking for something in the same price range.	quotidien
Je vais payer, s'il vous plaît.	I'd like to pay, please.	quotidien
Je vais payer en liquide.	I'll pay in cash.	quotidien
Je n'ai pas de monnaie, désolé.	I don't have any change, sorry.	quotidien
Votre carte est refusée.	Your card has been declined.	quotidien
Tapez votre code, s'il vous plaît.	Enter your PIN, please.	quotidien
Je voudrais me faire rembourser.	I'd like a refund.	quotidien
Il faut garder le ticket pour l'échange.	You need to keep the receipt for an exchange.	quotidien
On peut rapporter sous trente jours.	You can return it within thirty days.	quotidien
Ça doit être avec l'étiquette.	It has to have the tag on.	quotidien
La caisse est tout droit, au fond.	The till is straight ahead, at the back.	quotidien
Il y a la queue à la caisse.	There's a queue at the till.	quotidien
On ouvre à dix heures.	We open at ten.	quotidien
Ce sera tout, merci.	That'll be all, thanks.	quotidien
Je voudrais réserver une chambre pour deux personnes.	I'd like to book a room for two people.	quotidien
C'est pour trois nuits.	It's for three nights.	quotidien
Le petit-déjeuner est servi jusqu'à dix heures.	Breakfast is served until ten o'clock.	quotidien
La clé, s'il vous plaît.	The key, please.	quotidien
Voici votre clé.	Here is your key.	quotidien
Le départ se fait avant midi.	Check-out is before noon.	quotidien
Je préférerais une chambre au calme.	I'd prefer a quiet room.	quotidien
Le wifi est gratuit dans tout l'hôtel.	The wifi is free throughout the hotel.	quotidien
La climatisation ne fonctionne pas.	The air conditioning isn't working.	quotidien
Je voudrais prolonger mon séjour d'une nuit.	I'd like to extend my stay by one night.	quotidien
Je crois qu'il y a une erreur sur la facture.	I think there's a mistake on the bill.	quotidien
La chambre n'a pas été nettoyée.	The room hasn't been cleaned.	quotidien
Il n'y a plus de papier toilette.	There's no more toilet paper.	quotidien
Je voudrais réserver pour deux adultes et un enfant.	I'd like to book for two adults and one child.	quotidien
Je voudrais le service en chambre, s'il vous plaît.	I'd like room service, please.	quotidien
La douche est en panne.	The shower is broken.	quotidien
Je dois enregistrer mes bagages.	I need to check in my luggage.	quotidien
Mon vol a du retard.	My flight is delayed.	quotidien
J'ai perdu mon passeport.	I've lost my passport.	quotidien
J'ai perdu ma valise.	I've lost my suitcase.	quotidien
Ma valise n'est pas arrivée.	My suitcase hasn't arrived.	quotidien
Je n'ai rien à déclarer.	I have nothing to declare.	quotidien
Voici mon passeport et mon billet.	Here's my passport and my ticket.	quotidien
Je suis ici en vacances.	I'm here on vacation.	quotidien
Je reste une semaine.	I'm staying for a week.	quotidien
J'ai raté ma correspondance.	I missed my connection.	quotidien
Mon bagage dépasse le poids autorisé.	My bag is over the weight limit.	quotidien
Je voudrais une chambre non-fumeur.	I'd like a non-smoking room.	quotidien
Je voudrais annuler ma réservation.	I'd like to cancel my reservation.	quotidien
On est mardi.	It's Tuesday.	quotidien
Aujourd'hui, c'est lundi.	Today is Monday.	quotidien
On est le 21 juin.	It's June 21st.	quotidien
Il est midi.	It's noon.	quotidien
Il est minuit.	It's midnight.	quotidien
Il est presque midi.	It's almost noon.	quotidien
Il est deux heures et demie.	It's half past two.	quotidien
Il est huit heures du matin.	It's eight in the morning.	quotidien
Il est six heures du soir.	It's six in the evening.	quotidien
Il est tard.	It's late.	quotidien
Il se fait tard.	It's getting late.	quotidien
Il est encore tôt.	It's still early.	quotidien
On a le temps.	We have time.	quotidien
On n'a pas beaucoup de temps.	We don't have much time.	quotidien
Je suis en retard.	I'm late.	quotidien
Je suis en avance.	I'm early.	quotidien
On est pile à l'heure.	We're right on time.	quotidien
Dépêchons-nous, on va être en retard.	Let's hurry, we'll be late.	quotidien
Je te dis ça demain.	I'll let you know tomorrow.	quotidien
Dans cinq minutes.	In five minutes.	quotidien
Je reviens dans deux minutes.	I'll be back in two minutes.	quotidien
J'arrive dans un quart d'heure.	I'll be there in fifteen minutes.	quotidien
On part dans une heure.	We're leaving in an hour.	quotidien
Ça fait une heure que j'attends.	I've been waiting for an hour.	quotidien
La semaine prochaine, je suis en vacances.	Next week, I'm on holiday.	quotidien
Le mois prochain, je déménage.	Next month, I'm moving.	quotidien
L'année prochaine, je change de travail.	Next year, I'm changing jobs.	quotidien
La semaine dernière, j'étais malade.	Last week, I was sick.	quotidien
Le week-end dernier, on est sortis.	Last weekend, we went out.	quotidien
Avant-hier, il faisait beau.	The day before yesterday, it was nice.	quotidien
Après-demain, je suis libre.	The day after tomorrow, I'm free.	quotidien
Demain matin, j'ai un rendez-vous.	Tomorrow morning, I have an appointment.	quotidien
Ce matin, je me suis levé tôt.	This morning, I got up early.	quotidien
Cet après-midi, je travaille.	This afternoon, I'm working.	quotidien
En ce moment, je suis très occupé.	Right now, I'm very busy.	quotidien
Tous les jours, je prends le bus.	Every day, I take the bus.	quotidien
Une fois par semaine, je fais du sport.	Once a week, I do sports.	quotidien
Je suis libre vendredi après-midi.	I'm free Friday afternoon.	quotidien
Je suis disponible toute la journée.	I'm available all day.	quotidien
Désolé, je ne suis pas libre ce jour-là.	Sorry, I'm not free that day.	quotidien
Ça tombe mal, j'ai déjà quelque chose.	Bad timing, I already have something.	quotidien
Il fait beau aujourd'hui.	It's nice out today.	quotidien
Il fait du soleil.	It's sunny.	quotidien
Il fait gris.	It's grey out.	quotidien
Il pleut.	It's raining.	quotidien
Il pleut des cordes.	It's pouring.	quotidien
Il neige.	It's snowing.	quotidien
Il y a du vent.	It's windy.	quotidien
Il y a du brouillard.	It's foggy.	quotidien
Il fait froid.	It's cold.	quotidien
Il fait chaud.	It's hot.	quotidien
Il fait un froid de canard.	It's freezing cold.	quotidien
On crève de chaud.	We're roasting.	quotidien
Il fait doux aujourd'hui.	It's mild today.	quotidien
Le ciel est couvert.	The sky is overcast.	quotidien
On annonce de la pluie pour demain.	They're forecasting rain for tomorrow.	quotidien
Prends un parapluie, il va pleuvoir.	Take an umbrella, it's going to rain.	quotidien
Couvre-toi, il fait froid dehors.	Bundle up, it's cold outside.	quotidien
J'espère qu'il fera beau ce week-end.	I hope the weather's nice this weekend.	quotidien
Le temps change tout le temps.	The weather keeps changing.	quotidien
On dirait qu'il va pleuvoir.	It looks like it's going to rain.	quotidien
Il commence à faire nuit.	It's starting to get dark.	quotidien
Les journées rallongent.	The days are getting longer.	quotidien
J'ai mal à la tête.	I have a headache.	quotidien
Je ne me sens pas bien.	I don't feel well.	quotidien
Appelez un médecin !	Call a doctor!	quotidien
Appelez une ambulance !	Call an ambulance!	quotidien
J'ai besoin d'un médecin.	I need a doctor.	quotidien
Ça fait mal ici.	It hurts here.	quotidien
Je suis malade.	I'm sick.	quotidien
J'ai de la fièvre.	I have a fever.	quotidien
J'ai mal au ventre.	I have a stomachache.	quotidien
J'ai mal à la gorge.	I have a sore throat.	quotidien
J'ai mal au dos.	My back hurts.	quotidien
J'ai mal aux dents.	I have a toothache.	quotidien
J'ai mal partout.	I hurt everywhere.	quotidien
Je me suis blessé.	I hurt myself.	quotidien
Je me suis fait mal.	I've hurt myself.	quotidien
Je suis tombé.	I fell down.	quotidien
Je saigne.	I'm bleeding.	quotidien
J'ai du mal à respirer.	I'm having trouble breathing.	quotidien
J'ai la nausée.	I feel nauseous.	quotidien
J'ai envie de vomir.	I feel like throwing up.	quotidien
J'ai des vertiges.	I feel dizzy.	quotidien
Je me sens faible.	I feel weak.	quotidien
J'ai froid.	I'm cold.	quotidien
J'ai chaud.	I'm hot.	quotidien
Je tousse beaucoup.	I'm coughing a lot.	quotidien
J'ai un rhume.	I have a cold.	quotidien
J'ai la grippe.	I have the flu.	quotidien
Appelez les urgences !	Call emergency services!	quotidien
Appelez le quinze !	Call 15! (ambulance)	quotidien
Appelez la police !	Call the police!	quotidien
Il y a eu un accident.	There's been an accident.	quotidien
Quelqu'un est blessé.	Someone is hurt.	quotidien
Vite, c'est grave !	Quick, it's serious!	quotidien
Il me faut une ambulance.	I need an ambulance.	quotidien
Je dois voir un médecin.	I need to see a doctor.	quotidien
J'ai besoin d'aide.	I need help.	quotidien
Restez avec moi.	Stay with me.	quotidien
Ne bougez pas.	Don't move.	quotidien
Respirez lentement.	Breathe slowly.	quotidien
Je suis allergique aux antibiotiques.	I'm allergic to antibiotics.	quotidien
Je suis allergique à la pénicilline.	I'm allergic to penicillin.	quotidien
Je suis diabétique.	I'm diabetic.	quotidien
Je suis enceinte.	I'm pregnant.	quotidien
Je prends des médicaments.	I'm taking medication.	quotidien
J'ai oublié mes médicaments.	I forgot my medication.	quotidien
Il me faut une ordonnance.	I need a prescription.	quotidien
Je me sens mieux.	I feel better.	quotidien
Je ne vais pas bien du tout.	I'm not well at all.	quotidien
J'ai très mal.	I'm in a lot of pain.	quotidien
La douleur est ici.	The pain is here.	quotidien
J'ai une coupure.	I have a cut.	quotidien
Je me suis brûlé.	I burned myself.	quotidien
Je me suis cassé le bras.	I broke my arm.	quotidien
Je me suis tordu la cheville.	I twisted my ankle.	quotidien
J'ai mal à la jambe.	My leg hurts.	quotidien
J'ai mal au cœur.	I feel queasy.	quotidien
J'ai mal aux yeux.	My eyes hurt.	quotidien
J'ai mal à l'oreille.	I have an earache.	quotidien
Je n'arrive pas à dormir.	I can't sleep.	quotidien
Je crois que c'est cassé.	I think it's broken.	quotidien
J'ai perdu connaissance.	I passed out.	quotidien
Je dois aller à l'hôpital.	I need to go to the hospital.	quotidien
J'ai très froid	I'm very cold	quotidien
J'ai un peu froid	I'm a little cold	quotidien
J'ai trop chaud	I'm too hot	quotidien
On a chaud ici	It's hot in here	quotidien
J'ai un petit creux	I'm a bit peckish	quotidien
Je meurs de faim	I'm starving	quotidien
Je suis affamé	I'm famished	quotidien
J'ai la dalle	I'm starving	quotidien
J'ai vraiment soif	I'm really thirsty	quotidien
Je meurs de soif	I'm dying of thirst	quotidien
Je préfère le thé	I prefer tea	quotidien
Je préférerais rester ici	I'd rather stay here	quotidien
Je préférerais ne pas	I'd rather not	quotidien
Je préfère de loin celui-ci	I much prefer this one	quotidien
J'aimerais mieux y aller demain	I'd rather go tomorrow	quotidien
Si j'avais le choix	If I had the choice	quotidien
À choisir, je prends le rouge	If I have to choose, I'll take the red one	quotidien
Je travaille dans un bureau.	I work in an office.	quotidien
Je travaille à la maison aujourd'hui.	I'm working from home today.	quotidien
Je suis en télétravail deux jours par semaine.	I work remotely two days a week.	quotidien
J'ai une réunion à dix heures.	I have a meeting at ten.	quotidien
J'ai une réunion importante cet après-midi.	I have an important meeting this afternoon.	quotidien
On a une réunion là, je vous rappelle.	I'm in a meeting, I'll call you back.	quotidien
Désolé, je suis un peu en retard.	Sorry, I'm a little late.	quotidien
Je vais arriver en retard.	I'm going to be late.	quotidien
Excusez-moi pour le retard.	Sorry for being late.	quotidien
Je commence à neuf heures.	I start at nine.	quotidien
Je finis à dix-sept heures.	I finish at five.	quotidien
Je termine tard ce soir.	I'm finishing late tonight.	quotidien
Je dois y aller.	I have to go.	quotidien
Il faut que j'y aille.	I've got to go.	quotidien
Je vais devoir vous laisser.	I'm going to have to let you go.	quotidien
Je suis occupé en ce moment.	I'm busy right now.	quotidien
Je suis débordé cette semaine.	I'm swamped this week.	quotidien
Je n'ai pas le temps là.	I don't have time right now.	quotidien
Ça ne m'arrange pas aujourd'hui.	Today doesn't work for me.	quotidien
Je te rappelle.	I'll call you back.	quotidien
Je vous rappelle plus tard.	I'll call you back later.	quotidien
Je te rappelle dans cinq minutes.	I'll call you back in five minutes.	quotidien
Je t'envoie un message.	I'll send you a text.	quotidien
Je vous envoie un mail.	I'll send you an email.	quotidien
Je te passe un coup de fil ce soir.	I'll give you a call tonight.	quotidien
Je n'ai pas eu le temps de répondre.	I haven't had time to reply.	quotidien
J'ai un rendez-vous chez le médecin.	I have a doctor's appointment.	quotidien
J'ai pris rendez-vous pour lundi.	I made an appointment for Monday.	quotidien
J'ai rendez-vous à quatorze heures.	I have an appointment at two.	quotidien
Il faut que je prenne rendez-vous.	I need to make an appointment.	quotidien
Je dois faire les courses.	I have to do the shopping.	quotidien
Je dois faire le ménage.	I have to do the housework.	quotidien
Il faut que je fasse la vaisselle.	I need to do the dishes.	quotidien
Je dois faire la lessive.	I have to do the laundry.	quotidien
J'ai plein de choses à faire aujourd'hui.	I have a lot to do today.	quotidien
Je n'ai pas arrêté de la journée.	I've been busy all day.	quotidien
Je suis crevé après le travail.	I'm exhausted after work.	quotidien
Je me lève tôt demain.	I'm getting up early tomorrow.	quotidien
Je dois préparer le dîner.	I have to make dinner.	quotidien
C'est à ton tour de sortir la poubelle.	It's your turn to take out the trash.	quotidien
Je m'en occupe.	I'll take care of it.	quotidien
Je vais voir ce que je peux faire.	I'll see what I can do.	quotidien
J'ai eu une grosse journée.	I had a long day.	quotidien
Je suis débordé de boulot.	I'm swamped with work.	quotidien
Mon patron veut me voir.	My boss wants to see me.	quotidien
J'ai un dossier à rendre pour vendredi.	I have a project due Friday.	quotidien
Je suis en réunion toute la matinée.	I'm in meetings all morning.	quotidien
Je prends ma pause déjeuner.	I'm taking my lunch break.	quotidien
Je vais chercher un café.	I'm going to grab a coffee.	quotidien
Je suis en congé la semaine prochaine.	I'm off next week.	quotidien
J'ai posé un jour de congé.	I took a day off.	quotidien
Je travaille de nuit cette semaine.	I'm working nights this week.	quotidien
C'est délicieux !	It's delicious!	opinions
C'était vraiment très bon.	It was really very good.	opinions
J'ai adoré, merci.	I loved it, thank you.	opinions
C'est un peu trop salé pour moi.	It's a bit too salty for me.	opinions
C'est froid, malheureusement.	It's cold, unfortunately.	opinions
Merci, c'était parfait.	Thank you, it was perfect.	opinions
J'ai passé un excellent séjour.	I had a wonderful stay.	opinions
Tout était parfait, merci.	Everything was perfect, thank you.	opinions
Je suis content	I'm happy	opinions
Je suis contente	I'm happy	opinions
Je suis vraiment heureux	I'm really happy	opinions
Je suis super content	I'm so happy	opinions
Je suis triste	I'm sad	opinions
Je me sens un peu triste	I feel a bit sad	opinions
Je suis crevé	I'm exhausted	opinions
Je suis épuisé	I'm worn out	opinions
Je tombe de sommeil	I'm falling asleep on my feet	opinions
J'ai sommeil	I'm sleepy	opinions
Je suis mort de fatigue	I'm dead tired	opinions
J'ai peur	I'm scared	opinions
J'ai un peu peur	I'm a little scared	opinions
Ça me fait peur	That scares me	opinions
Je suis terrifié	I'm terrified	opinions
Je suis pressé	I'm in a hurry	opinions
Je suis pressée	I'm in a hurry	opinions
On est pressés	We're in a hurry	opinions
Je m'ennuie	I'm bored	opinions
Je m'ennuie à mourir	I'm bored to death	opinions
C'est ennuyeux	It's boring	opinions
Je suis inquiet	I'm worried	opinions
Je suis inquiète	I'm worried	opinions
Je me fais du souci	I'm worrying	opinions
Ça m'inquiète	That worries me	opinions
Je suis en colère	I'm angry	opinions
Je suis énervé	I'm annoyed	opinions
Ça m'énerve	That annoys me	opinions
Ça m'agace	That irritates me	opinions
Je suis furieux	I'm furious	opinions
Je suis fier de toi	I'm proud of you	opinions
Je suis fière de toi	I'm proud of you	opinions
Je suis fier de moi	I'm proud of myself	opinions
Je suis vraiment fier	I'm really proud	opinions
Ça me rend heureux	That makes me happy	opinions
Ça me fait plaisir	That makes me happy	opinions
Ça me fait du bien	That feels good	opinions
Je me sens bien	I feel great	opinions
Je me sens super bien	I feel really good	opinions
Je me sens mal	I feel bad	opinions
Je n'en peux plus	I can't take it anymore	opinions
J'en ai marre	I'm fed up	opinions
J'en ai ras-le-bol	I've had enough	opinions
Je suis à bout	I'm at the end of my rope	opinions
Je suis soulagé	I'm relieved	opinions
Je suis tellement soulagé	I'm so relieved	opinions
Je suis stressé	I'm stressed	opinions
Je suis hyper stressé	I'm super stressed	opinions
Ça me stresse	That stresses me out	opinions
Je suis nerveux	I'm nervous	opinions
Je suis déçu	I'm disappointed	opinions
Je suis un peu déçu	I'm a little disappointed	opinions
Je suis surpris	I'm surprised	opinions
Je suis étonné	I'm astonished	opinions
Je suis gêné	I'm embarrassed	opinions
J'ai honte	I'm ashamed	opinions
Je suis jaloux	I'm jealous	opinions
Je suis ému	I'm moved	opinions
Ça me touche	That touches me	opinions
Je suis perplexe	I'm puzzled	opinions
Je suis calme	I'm calm	opinions
Je suis détendu	I'm relaxed	opinions
Je suis de bonne humeur	I'm in a good mood	opinions
Je suis de mauvaise humeur	I'm in a bad mood	opinions
Je suis à plat	I'm wiped out	opinions
Je n'ai pas le moral	I'm feeling down	opinions
J'ai le cafard	I've got the blues	opinions
Je suis dégoûté	I'm disgusted	opinions
Ça me dégoûte	That disgusts me	opinions
Je suis excité	I'm excited	opinions
J'ai hâte	I can't wait	opinions
Je suis impatient	I'm impatient	opinions
Je suis rassuré	I feel reassured	opinions
Je me sens seul	I feel lonely	opinions
Je suis bien dans ma peau	I feel comfortable in my own skin	opinions
À mon avis	In my opinion	opinions
Je trouve que c'est une bonne idée	I think it's a good idea	opinions
Tu as raison	You're right	opinions
Vous avez raison	You're right	opinions
Tu as tout à fait raison	You're absolutely right	opinions
C'est vrai	That's true	opinions
C'est tout à fait vrai	That's completely true	opinions
Je suis pas sûr	I'm not sure	opinions
Je ne suis pas sûr	I'm not sure	opinions
Je n'en suis pas certain	I'm not certain about it	opinions
Ça dépend	It depends	opinions
Ça dépend des fois	It depends	opinions
C'est comme tu veux	It's up to you	opinions
C'est comme vous voulez	It's up to you	opinions
Comme tu veux	Whatever you want	opinions
Exactement	Exactly	opinions
Tout à fait	Absolutely	opinions
Absolument pas	Absolutely not	opinions
Pas du tout	Not at all	opinions
Je ne pense pas	I don't think so	opinions
Je ne crois pas	I don't think so	opinions
Je pense que oui	I think so	opinions
Je crois que oui	I think so	opinions
Personnellement	Personally	opinions
Selon moi	According to me	opinions
D'après moi	In my view	opinions
Pour ma part	As for me	opinions
Je suis plutôt d'accord	I rather agree	opinions
Je suis entièrement d'accord	I totally agree	opinions
Je suis tout à fait d'accord	I completely agree	opinions
Je ne suis pas du tout d'accord	I don't agree at all	opinions
Là je ne suis pas d'accord	There I disagree	opinions
C'est faux	That's false	opinions
Ce n'est pas vrai	That's not true	opinions
Je ne suis pas convaincu	I'm not convinced	opinions
Ça se discute	That's debatable	opinions
On peut en discuter	We can discuss it	opinions
Effectivement	Indeed	opinions
En effet	Indeed	opinions
Bien sûr que oui	Of course yes	opinions
Bien sûr que non	Of course not	opinions
Évidemment	Obviously	opinions
C'est clair	For sure	opinions
Carrément	Totally	opinions
Ça me va	That works for me	opinions
Ça m'est égal	I don't mind either way	opinions
Peu importe	It doesn't matter	opinions
Je m'en fiche	I don't care	opinions
Franchement, je ne sais pas	Honestly, I don't know	opinions
Je n'en sais rien	I have no idea	opinions
J'avoue	True, I admit	opinions
C'est possible	That's possible	opinions
Peut-être bien	Maybe so	opinions
Je dirais que oui	I'd say yes	opinions
Je ne dirais pas ça	I wouldn't say that	opinions
Ce n'est pas mon avis	That's not my opinion	opinions
Je vois les choses autrement	I see things differently	opinions
Je suis du même avis	I'm of the same opinion	opinions
On est d'accord	We agree	opinions
Là tu marques un point	You've got a point there	opinions
C'est un bon point	That's a good point	opinions
Ça dépend du contexte	It depends on the context	opinions
Ça dépend de toi	It's up to you	opinions
C'est toi qui vois	It's your call	opinions
Comme bon te semble	As you see fit	opinions
Je n'ai pas d'avis là-dessus	I have no opinion on that	opinions
Tout dépend	It all depends	opinions
Je ne suis pas contre	I'm not against it	opinions
Pourquoi pas, après tout	Why not, after all	opinions
Je reste sceptique	I remain skeptical	opinions
Permets-moi d'en douter	Allow me to doubt it	opinions
Je ne dis pas le contraire	I'm not saying otherwise	opinions
C'est plus ou moins ça	That's more or less it	opinions
Disons que oui	Let's say yes	opinions
Tu n'as pas tort	You're not wrong	opinions
Vous n'avez pas tort	You're not wrong	opinions
C'est exactement ce que je pense	That's exactly what I think	opinions
On verra	We'll see	opinions
Bonne idée !	Good idea!	opinions
Excellente idée !	Great idea!	opinions
Bonne remarque.	Good point.	opinions
C'est juste.	That's true / fair point.	opinions
T'as pas tort.	You're not wrong.	opinions
C'est vrai, ça.	That's true, actually.	opinions
Bien vu !	Good catch / well spotted!	opinions
Ça marche pour moi.	Works for me.	opinions
C'est sympa.	That's nice.	opinions
Trop bien !	Awesome! / So cool!	opinions
Bref.	Anyway.	connecteurs
Enfin bon.	Oh well / anyway.	connecteurs
Du coup ?	So? / And then?	connecteurs
d'abord	first / first of all	connecteurs
tout d'abord	first and foremost	connecteurs
ensuite	then / next	connecteurs
puis	then	connecteurs
enfin	finally / at last	connecteurs
finalement	in the end / finally	connecteurs
après	afterwards	connecteurs
avant tout	above all	connecteurs
pour commencer	to begin with	connecteurs
pour finir	to finish	connecteurs
en premier lieu	in the first place	connecteurs
en second lieu	in the second place	connecteurs
premièrement	firstly	connecteurs
deuxièmement	secondly	connecteurs
cependant	however	connecteurs
pourtant	yet / even so	connecteurs
néanmoins	nevertheless	connecteurs
toutefois	however / nonetheless	connecteurs
en revanche	on the other hand	connecteurs
au contraire	on the contrary	connecteurs
malgré tout	despite everything	connecteurs
quand même	still / anyway	connecteurs
tout de même	all the same	connecteurs
bien que	although	connecteurs
même si	even if	connecteurs
alors que	whereas / while	connecteurs
tandis que	whereas	connecteurs
par exemple	for example	connecteurs
notamment	notably / in particular	connecteurs
en particulier	in particular	connecteurs
c'est pourquoi	that's why	connecteurs
par conséquent	consequently	connecteurs
ainsi	thus / so	connecteurs
de ce fait	therefore	connecteurs
voilà pourquoi	that's why	connecteurs
c'est la raison pour laquelle	that's the reason why	connecteurs
résultat	as a result	connecteurs
de plus	moreover	connecteurs
en plus	what's more	connecteurs
par ailleurs	furthermore	connecteurs
d'ailleurs	besides / actually	connecteurs
en outre	in addition	connecteurs
qui plus est	what's more	connecteurs
également	also / as well	connecteurs
de même	likewise	connecteurs
ainsi que	as well as	connecteurs
autrement dit	in other words	connecteurs
en d'autres termes	in other words	connecteurs
ce qui veut dire	which means	connecteurs
disons	let's say	connecteurs
en gros	roughly / basically	connecteurs
grosso modo	roughly speaking	connecteurs
en somme	in short	connecteurs
en résumé	to sum up	connecteurs
pour résumer	to summarize	connecteurs
en conclusion	in conclusion	connecteurs
pour conclure	to conclude	connecteurs
au final	in the end	connecteurs
d'une part	on the one hand	connecteurs
d'autre part	on the other hand	connecteurs
d'un côté	on one side	connecteurs
de l'autre côté	on the other side	connecteurs
à propos	by the way	connecteurs
au fait	by the way	connecteurs
soit dit en passant	by the way	connecteurs
en ce qui concerne	as far as ... is concerned	connecteurs
quant à	as for	connecteurs
à ce sujet	on that subject	connecteurs
au sujet de	regarding	connecteurs
justement	precisely	connecteurs
d'autant plus que	all the more since	connecteurs
puisque	since / given that	connecteurs
étant donné que	given that	connecteurs
vu que	seeing that	connecteurs
afin de	in order to	connecteurs
pour que	so that	connecteurs
de sorte que	so that	connecteurs
au cas où	in case	connecteurs
à condition que	provided that	connecteurs
sauf que	except that	connecteurs
en attendant	in the meantime	connecteurs
au lieu de	instead of	connecteurs
à part ça	apart from that	connecteurs
en fin de compte	in the end / when all's said	connecteurs
Au secours !	Help!	expressions
À l'aide !	Help!	expressions
Faites attention !	Be careful!	expressions
Laissez-moi tranquille !	Leave me alone!	expressions
Aidez-moi, s'il vous plaît !	Help me, please!	expressions
Attention, danger !	Careful, danger!	expressions
N'ayez pas peur.	Don't be afraid.	expressions
Calmez-vous.	Calm down.	expressions
Tout va bien se passer.	Everything's going to be okay.	expressions
Allez-vous-en !	Go away!	expressions
Arrêtez !	Stop!	expressions
Ça va aller.	It's going to be fine.	expressions
Ouf, quel soulagement	Phew, what a relief	expressions
Quoi de neuf ?	What's new?	expressions
Ça fait un bail !	Long time no see!	expressions
Ça fait longtemps !	It's been a long time!	expressions
Ça fait une éternité !	It's been ages!	expressions
Tant mieux !	So much the better!	expressions
Tant pis.	Too bad / never mind.	expressions
Dommage.	Too bad / what a shame.	expressions
C'est dommage.	That's a shame.	expressions
Quel dommage !	What a pity!	expressions
Pas mal.	Not bad.	expressions
Pas mal du tout !	Not bad at all!	expressions
Amuse-toi bien !	Have fun!	expressions
Amusez-vous bien !	Have fun! (formal/plural)	expressions
Profite bien !	Enjoy it!	expressions
Prends soin de toi.	Take care of yourself.	expressions
Fais attention à toi.	Take care of yourself.	expressions
T'inquiète.	No worries.	expressions
Ne t'inquiète pas.	Don't worry.	expressions
T'inquiète pas pour ça.	Don't worry about that.	expressions
Y'a pas de souci.	No worries.	expressions
Mais oui, bien entendu.	Why yes, of course.	expressions
Ah bon ?	Oh really?	expressions
Vraiment ?	Really?	expressions
Sérieux ?	Seriously?	expressions
Tu es sérieux ?	Are you serious?	expressions
Tu plaisantes ?	Are you joking?	expressions
Tu rigoles ?	You're kidding?	expressions
C'est pas vrai !	No way! / You're kidding!	expressions
Sans blague ?	No kidding?	expressions
Quoi de beau ?	What's good? / Anything new?	expressions
Alors, raconte !	So, tell me!	expressions
Tu deviens quoi ?	What have you been up to?	expressions
Volontiers !	Gladly!	expressions
C'est noté.	Noted.	expressions
Repose-toi bien.	Get some good rest.	expressions
Bon rétablissement !	Get well soon!	expressions
N'hésite pas.	Don't hesitate.	expressions
Quand tu veux.	Whenever you like.	expressions
C'est gentil.	That's kind of you.	expressions
Génial !	Great! / Awesome!	expressions
Super !	Great!	expressions
Cool !	Cool!	expressions
Oh là là !	Oh wow! / Oh dear!	expressions
Ça alors !	Well, well! / Wow!	expressions
Je n'en reviens pas.	I can't believe it.	expressions
Tu m'étonnes !	No surprise there! / Tell me about it!	expressions
Mince !	Darn! / Shoot!	expressions
Zut alors !	Dang it!	expressions
Tant qu'à faire.	Might as well.	expressions
Bonne chance pour ton entretien.	Good luck with your interview.	expressions
Continue comme ça !	Keep it up!	expressions
Tu vas y arriver.	You'll get there.	expressions
Lâche pas !	Don't give up!	expressions
On garde le contact.	Let's keep in touch.	expressions
Tiens-moi au courant.	Keep me posted.	expressions
On se tient au courant.	We'll keep each other posted.	expressions
petit à petit	little by little	expressions
avoir le cafard	to feel down / have the blues	expressions
coûter les yeux de la tête	to cost a fortune	expressions
revenons à nos moutons	let's get back to the subject	expressions
ça ne vaut pas la peine	it's not worth it	expressions
c'est pas grave	it's no big deal	expressions
mettre les pieds dans le plat	to put one's foot in it	expressions
ça craint	that sucks	expressions
c'est du gâteau	it's a piece of cake	expressions
poser un lapin	to stand someone up	expressions
avoir la flemme	to not feel like it / be lazy	expressions
en avoir marre	to be fed up	expressions
ras-le-bol	fed up / had enough	expressions
c'est la galère	what a hassle / nightmare	expressions
faire la grasse matinée	to sleep in	expressions
être à l'ouest	to be out of it / spaced out	expressions
avoir un coup de foudre	to fall in love at first sight	expressions
tomber dans les pommes	to faint	expressions
se prendre la tête	to overthink / stress out	expressions
avoir la pêche	to be full of energy	expressions
avoir le coup de barre	to suddenly feel exhausted	expressions
être crevé	to be exhausted	expressions
ça me saoule	it's annoying me	expressions
n'importe où	anywhere	expressions
n'importe comment	any old way / carelessly	expressions
en un clin d'œil	in the blink of an eye	expressions
au pif	at random / by guesswork	expressions
à la bonne franquette	casually / no fuss	expressions
boire un coup	to have a drink	expressions
casser les pieds	to annoy someone	expressions
ça tombe bien	that's good timing	expressions
ça tombe mal	that's bad timing	expressions
faire gaffe	to be careful / watch out	expressions
laisse tomber	forget it / drop it	expressions
ça vaut le détour	it's worth checking out	expressions
mine de rien	without seeming to / quietly	expressions
être dans la lune	to have one's head in the clouds	expressions
avoir d'autres chats à fouetter	to have other things to do	expressions
appeler un chat un chat	to call a spade a spade	expressions
en faire tout un fromage	to make a big fuss over nothing	expressions
avoir le bras long	to have connections / influence	expressions
chercher midi à quatorze heures	to overcomplicate things	expressions
donner sa langue au chat	to give up guessing	expressions
être au taquet	to be flat out / maxed out	expressions
prendre ses jambes à son cou	to run off as fast as one can	expressions
se mettre sur son trente et un	to dress up smartly	expressions
avoir un poil dans la main	to be very lazy	expressions
tenir le coup	to hold on / cope	expressions
en pleine forme	in great shape	expressions
ça suffit	that's enough	expressions
à vrai dire	to be honest	expressions
de toute façon	anyway / in any case	expressions
sans déconner	no kidding / seriously	expressions
c'est nickel	it's perfect / spotless	expressions
ça le fait	it works / that's fine	expressions
prendre son courage à deux mains	to gather one's courage	expressions
avoir la gueule de bois	to have a hangover	expressions
être sur la même longueur d'onde	to be on the same wavelength	expressions
y voir clair	to see things clearly	expressions
ne pas être dans son assiette	to feel off / under the weather	expressions
faire d'une pierre deux coups	to kill two birds with one stone	expressions
couper la poire en deux	to meet halfway / compromise	expressions
mettre de l'eau dans son vin	to tone it down / compromise	expressions
tourner autour du pot	to beat around the bush	expressions
avoir un chat dans la gorge	to have a frog in one's throat	expressions
prendre la mouche	to take offence easily	expressions
se serrer la ceinture	to tighten one's belt	expressions
jeter l'éponge	to throw in the towel	expressions
en mettre sa main au feu	to be absolutely certain	expressions
avoir le mot sur le bout de la langue	to have it on the tip of one's tongue	expressions
ça vaut mieux	that's for the best	expressions
faire la tête	to sulk	expressions
avoir un grain	to be a bit crazy	expressions
être réglé comme du papier à musique	to run like clockwork	expressions
ne pas y aller par quatre chemins	to get straight to the point	expressions
casser du sucre sur le dos de quelqu'un	to talk behind someone's back	expressions
être au bout du rouleau	to be at the end of one's rope	expressions
